{
    "version": "1.0.0",
    "summary": "helpful summary of your project, less than 80 characters",
    "repository": "https://github.com/valrus/undertale-dialog.git",
    "license": "BSD3",
    "source-directories": [
        "."
    ],
    "exposed-modules": [],
    "dependencies": {
        "elm-lang/core": "3.0.0 <= v < 4.0.0",
        "evancz/elm-html": "4.0.2 <= v < 5.0.0",
        "evancz/elm-effects": "2.0.1 <= v < 3.0.0",
        "evancz/elm-http": "3.0.0 <= v < 4.0.0",
        "imeckler/either": "1.0.0 <= v < 2.0.0",
        "circuithub/elm-list-extra": "3.7.1 <= v < 4.0.0",
        "circuithub/elm-maybe-extra": "1.5.1 <= v < 2.0.0"
    },
    "elm-version": "0.15.1 <= v < 0.16.0"
}
